{
  "prepare_queue": {
    "installed": [],
    "uninstalled": []
  },
  "config_munge": {
    "files": {
      "app/src/main/AndroidManifest.xml": {
        "parents": {
          "/manifest/application": [
            {
              "xml": "<application android:usesCleartextTraffic=\"true\" />",
              "count": 1,
              "mode": "merge",
              "id": "config.xml",
              "oldAttrib": {
                "android:hardwareAccelerated": "true",
                "android:icon": "@mipmap/ic_launcher",
                "android:label": "@string/app_name",
                "android:supportsRtl": "true",
                "android:usesCleartextTraffic": "true"
              }
            }
          ]
        }
      },
      "res/xml/config.xml": {
        "parents": {
          "/*": [
            {
              "xml": "<feature name=\"SplashScreen\"><param name=\"android-package\" value=\"org.apache.cordova.splashscreen.SplashScreen\" /><param name=\"onload\" value=\"true\" /></feature>",
              "count": 1
            },
            {
              "xml": "<feature name=\"Whitelist\"><param name=\"android-package\" value=\"org.apache.cordova.whitelist.WhitelistPlugin\" /><param name=\"onload\" value=\"true\" /></feature>",
              "count": 1
            },
            {
              "xml": "<feature name=\"MediaStreams\"><param name=\"android-package\" value=\"com.adobe.phonegap.media.MediaStreamsPlugin\" /></feature>",
              "count": 1
            }
          ]
        }
      },
      "AndroidManifest.xml": {
        "parents": {
          "/manifest": [
            {
              "xml": "<uses-permission android:name=\"android.permission.INTERNET\" />",
              "count": 1
            },
            {
              "xml": "<uses-permission android:name=\"android.permission.RECORD_AUDIO\" />",
              "count": 1
            },
            {
              "xml": "<uses-permission android:name=\"android.permission.CAMERA\" />",
              "count": 1
            },
            {
              "xml": "<uses-permission android:name=\"android.permission.MODIFY_AUDIO_SETTINGS\" />",
              "count": 1
            }
          ]
        }
      }
    }
  },
  "installed_plugins": {
    "cordova-plugin-splashscreen": {
      "PACKAGE_NAME": "com.vue.cameragallery.app"
    },
    "cordova-plugin-whitelist": {
      "PACKAGE_NAME": "com.vue.cameragallery.app"
    },
    "es6-promise-plugin": {
      "PACKAGE_NAME": "com.vue.cameragallery.app"
    },
    "phonegap-plugin-media-stream": {
      "PACKAGE_NAME": "com.vue.cameragallery.app"
    },
    "phonegap-plugin-image-capture": {
      "PACKAGE_NAME": "com.vue.cameragallery.app"
    }
  },
  "dependent_plugins": {},
  "modules": [
    {
      "id": "cordova-plugin-splashscreen.SplashScreen",
      "file": "plugins/cordova-plugin-splashscreen/www/splashscreen.js",
      "pluginId": "cordova-plugin-splashscreen",
      "clobbers": [
        "navigator.splashscreen"
      ]
    },
    {
      "id": "es6-promise-plugin.Promise",
      "file": "plugins/es6-promise-plugin/www/promise.js",
      "pluginId": "es6-promise-plugin",
      "runs": true
    },
    {
      "id": "phonegap-plugin-media-stream.MediaDevices",
      "file": "plugins/phonegap-plugin-media-stream/www/android/MediaDevices.js",
      "pluginId": "phonegap-plugin-media-stream",
      "clobbers": [
        "navigator.mediaDevices"
      ]
    }
  ],
  "plugin_metadata": {
    "cordova-plugin-splashscreen": "5.0.4",
    "cordova-plugin-whitelist": "1.3.4",
    "es6-promise-plugin": "4.2.2",
    "phonegap-plugin-media-stream": "1.2.1",
    "phonegap-plugin-image-capture": "1.1.2"
  }
}
